{
  "timestamp": "20251225_112502",
  "model": "/home/simurg/Documents/Python/Yolo/YOLOn8/models/best_faster_rcnn_model.pth",
  "device": "cuda",
  "system_info": {
    "gpu_name": "Orin",
    "cuda_version": "12.4",
    "pytorch_version": "2.3.0"
  },
  "performance_stats": {
    "fps": {
      "current": 2.9733572753714834,
      "average": 3.8677841522112484,
      "min": 2.9733572753714834,
      "max": 4.323075448380923,
      "std": 0.3910663123765177
    },
    "inference_time_ms": {
      "current": 328.4876346588135,
      "average": 254.3951177597046,
      "min": 224.03764724731445,
      "max": 328.4876346588135,
      "std": 29.500537437659272
    },
    "preprocessing_time_ms": {
      "average": 5.840399265289307
    },
    "postprocessing_time_ms": {
      "average": 1.1983847618103027
    },
    "system": {
      "cpu_usage_percent": 20.961,
      "gpu_memory_gb": 0.2558913230895996,
      "gpu_utilization_percent": 0.0
    }
  },
  "raw_data": {
    "fps_history": [
      4.18366076700873,
      3.119121117090935,
      3.0915326595941495,
      3.5741009793553964,
      3.065664343586801,
      3.134889901886702,
      3.7080555513807836,
      4.16995148333731,
      4.16840569541439,
      4.132649009428339,
      4.172672863873679,
      4.261187600578683,
      4.1879425153192305,
      4.1271957963513275,
      4.09143309762638,
      4.323075448380923,
      4.167034923460872,
      4.115839633232064,
      4.17914207256075,
      4.107234730938828,
      4.146515409900892,
      4.158957024250892,
      3.7607261243926473,
      3.8925749456619587,
      4.197233669101032,
      3.6331904358906173,
      3.490570151713118,
      3.7318860051071705,
      3.5116086506236126,
      3.5210036063746197,
      3.86339637379197,
      3.895438191102253,
      3.213747775096869,
      3.3945346611578944,
      3.290806495144961,
      3.321387025990306,
      3.5763256556761314,
      3.3109153614864413,
      3.4376131547608804,
      3.7892142602894916,
      4.204348187820703,
      3.970934938759821,
      4.159621079439632,
      3.927890873606749,
      3.7787271459434333,
      3.7583402852511516,
      3.6727448494231214,
      3.84291549313841,
      3.9676481327675224,
      4.2800723702269785,
      4.177834974530401,
      4.232438268801905,
      3.208643891587215,
      3.702258973399335,
      4.093865113310051,
      4.2340105509467785,
      4.083943592305138,
      3.1472583543748147,
      3.311903590636062,
      3.8037604983526396,
      4.196003381369454,
      4.185756684849538,
      3.1074627042597456,
      3.902433214984853,
      3.976224017534313,
      3.077478001002272,
      3.6332250547889435,
      4.206996508466042,
      4.202355713547156,
      3.215859463172874,
      4.23818189718152,
      4.015759324666024,
      4.167805095204689,
      4.16935043763078,
      4.21330177771572,
      4.209276396141074,
      4.163175933544885,
      4.259603725105873,
      4.156121709851593,
      4.246974983748448,
      4.164184453845337,
      4.2866031387843035,
      4.204934073337397,
      4.181641988060154,
      3.727991865496265,
      3.2486031399338553,
      3.960447496241908,
      3.8784148659944813,
      4.182300796713433,
      4.1670473433272965,
      4.020039315703566,
      4.105506010498919,
      4.259365812790373,
      4.224811362851148,
      4.1445650745404405,
      4.223143849347192,
      4.166798960064614,
      3.130706089506028,
      3.2070099514089865,
      2.9733572753714834
    ],
    "inference_times": [
      233.3691120147705,
      314.2414093017578,
      315.45543670654297,
      271.97742462158203,
      317.86227226257324,
      311.29908561706543,
      263.1874084472656,
      234.3161106109619,
      234.33589935302734,
      234.0102195739746,
      231.67085647583008,
      226.5920639038086,
      231.43672943115234,
      234.13515090942383,
      237.11252212524414,
      224.03764724731445,
      232.0418357849121,
      235.015869140625,
      231.63104057312012,
      235.89181900024414,
      233.4885597229004,
      232.41829872131348,
      258.0091953277588,
      249.79829788208008,
      231.77742958068848,
      269.37007904052734,
      279.08968925476074,
      259.59086418151855,
      277.32038497924805,
      278.4757614135742,
      253.61084938049316,
      251.86514854431152,
      306.34403228759766,
      288.97643089294434,
      296.62513732910156,
      296.6322898864746,
      274.0139961242676,
      296.3740825653076,
      281.21447563171387,
      256.1614513397217,
      230.58605194091797,
      243.98088455200195,
      233.39438438415527,
      246.49858474731445,
      258.1067085266113,
      260.3750228881836,
      264.8322582244873,
      254.01020050048828,
      245.91541290283203,
      227.96988487243652,
      234.36832427978516,
      230.41415214538574,
      305.3874969482422,
      264.31870460510254,
      239.2110824584961,
      228.70969772338867,
      234.77673530578613,
      311.19799613952637,
      295.96543312072754,
      257.71307945251465,
      231.02378845214844,
      230.82780838012695,
      313.3127689361572,
      249.0999698638916,
      243.7736988067627,
      319.0455436706543,
      269.258975982666,
      229.7818660736084,
      229.11834716796875,
      305.8891296386719,
      228.93142700195312,
      241.0123348236084,
      231.94146156311035,
      231.80532455444336,
      229.28524017333984,
      229.65693473815918,
      232.16605186462402,
      226.79805755615234,
      232.59854316711426,
      227.37526893615723,
      232.16819763183594,
      226.91965103149414,
      229.85148429870605,
      231.06694221496582,
      258.96668434143066,
      302.2043704986572,
      247.19548225402832,
      250.98776817321777,
      233.2315444946289,
      231.99224472045898,
      240.85044860839844,
      235.62240600585938,
      226.79400444030762,
      228.7604808807373,
      233.2470417022705,
      228.91592979431152,
      231.92501068115234,
      312.9096031188965,
      306.20384216308594,
      328.4876346588135
    ],