{
  "timestamp": "20251224_153935",
  "device": "cuda",
  "system_info": {
    "gpu_name": "Orin",
    "cuda_version": "12.4",
    "pytorch_version": "2.3.0"
  },
  "performance_stats": {
    "fps": {
      "current": 19.7099825658714,
      "average": 17.26091250634688,
      "min": 12.432171915524268,
      "max": 20.130082549433673,
      "std": 2.0211150192627794
    },
    "inference_time_ms": {
      "current": 22.25804328918457,
      "average": 20.5104923248291,
      "min": 12.762308120727539,
      "max": 25.7718563079834,
      "std": 2.996757324365931
    },
    "preprocessing_time_ms": {
      "average": 3.63722562789917
    },
    "postprocessing_time_ms": {
      "average": 34.707112312316895
    },
    "system": {
      "cpu_usage_percent": 24.153000000000002,
      "gpu_memory_gb": 0.05971956253051758,
      "gpu_utilization_percent": 0.0
    }
  },
  "raw_data": {
    "fps_history": [
      18.46572158140354,
      18.45556508921303,
      18.061302352019155,
      17.61431889097468,
      17.604486006413378,
      17.67503718905525,
      17.637873684299056,
      17.687037193219194,
      17.951072535223325,
      17.655766964135378,
      17.948998412351987,
      17.96675919262534,
      17.867261914904493,
      17.465932656511566,
      18.03094356818289,
      17.841648765340196,
      17.74352856568733,
      17.89012488910121,
      17.616908318072614,
      18.02683629174367,
      18.003545505663794,
      17.552400202545208,
      17.780611466264222,
      17.76569952136897,
      17.82557363672295,
      17.83133308675671,
      17.931502691240535,
      17.302877415894887,
      18.16903690291056,
      18.07546844563962,
      17.93901860065267,
      17.594442673288924,
      17.890887995973348,
      17.58138872005533,
      17.8449887466442,
      18.01676975945017,
      17.55864598072624,
      17.782646853072734,
      17.843698151094625,
      17.764871813334125,
      18.390020826482516,
      17.40692906588755,
      17.74683190813274,
      18.476947339671018,
      18.24760827478193,
      18.286033168826187,
      18.202153374792235,
      17.36908493835954,
      18.19386294429455,
      17.762464373890985,
      18.226198804997285,
      17.957374662841975,
      19.86400253846773,
      18.698693772011946,
      17.979929440107682,
      17.961681098349565,
      17.833531752780708,
      17.898751786971644,
      18.11043368624674,
      20.130082549433673,
      18.564946044279985,
      18.522232575392916,
      18.101914071772296,
      18.1611697820731,
      17.766828338451763,
      17.346313865292515,
      17.462733048554036,
      12.71005063651708,
      13.022472538049316,
      18.665325684990943,
      18.527141576150573,
      18.52272335840241,
      17.419725142142795,
      17.638541246131073,
      13.282781771542579,
      12.90015255154766,
      13.157899029698807,
      12.96386823186148,
      12.804923768294694,
      12.897494795558467,
      12.570969578900044,
      12.432171915524268,
      13.870832685699924,
      13.228196661336664,
      13.656178370493853,
      13.184162548879081,
      13.243232832248756,
      12.49814954975357,
      14.670579470372404,
      19.39643268390361,
      19.602116164731836,
      19.79182808688143,
      19.18588928430933,
      14.137944517477331,
      19.571200597265644,
      19.702853277464087,
      19.70970470479878,
      17.940323022173555,
      19.544115522792826,
      19.7099825658714
    ],
    "inference_times": [
      20.19214630126953,
      20.49851417541504,
      20.622730255126953,
      21.1336612701416,
      22.513389587402344,
      22.66979217529297,
      22.505998611450195,
      22.764921188354492,
      22.938251495361328,
      25.7718563079834,
      22.524356842041016,
      22.530317306518555,
      22.39251136779785,
      22.623062133789062,
      22.723913192749023,
      22.400617599487305,
      22.532939910888672,
      22.867202758789062,
      24.30868148803711,
      22.7353572845459,
      22.88532257080078,
      22.600412368774414,
      22.631168365478516,
      22.85003662109375,
      22.672653198242188,
      22.708415985107422,
      22.592782974243164,
      24.534225463867188,
      22.57680892944336,
      22.61042594909668,
      22.249460220336914,
      22.66240119934082,
      22.778034210205078,
      22.415637969970703,
      22.76134490966797,
      22.354602813720703,
      24.371623992919922,
      22.708654403686523,
      22.742271423339844,
      22.373199462890625,
      18.74685287475586,
      14.92619514465332,
      13.983964920043945,
      16.618013381958008,
      16.676664352416992,
      16.704320907592773,
      17.95220375061035,
      15.95616340637207,
      16.047000885009766,
      16.551971435546875,
      14.73236083984375,
      18.42045783996582,
      18.04828643798828,
      18.167972564697266,
      15.400171279907227,
      16.66116714477539,
      17.699003219604492,
      17.79961585998535,
      15.521764755249023,
      16.869068145751953,
      17.014503479003906,
      16.56794548034668,
      17.270565032958984,
      18.205642700195312,
      23.278236389160156,
      23.528099060058594,
      23.224592208862305,
      23.718595504760742,
      23.629188537597656,
      23.671627044677734,
      22.678852081298828,
      17.305612564086914,
      17.546653747558594,
      20.45917510986328,
      21.9419002532959,
      23.44226837158203,
      17.618179321289062,
      23.626327514648438,
      20.215272903442383,
      17.792463302612305,
      20.63155174255371,
      23.044586181640625,
      18.24045181274414,
      17.578840255737305,
      13.422966003417969,
      18.63408088684082,
      20.427942276000977,
      19.944429397583008,
      12.762308120727539,
      23.061275482177734,
      21.842002868652344,
      18.654823303222656,
      21.905183792114258,
      15.33961296081543,
      22.9952335357666,
      22.092580795288086,
      22.024154663085938,
      22.05824851989746,
      22.582292556762695,
      22.25804328918457
    ],