{
  "timestamp": "20251224_152012",
  "model": "best.pt",
  "device": "cuda",
  "system_info": {
    "gpu_name": "Orin",
    "cuda_version": "12.4",
    "pytorch_version": "2.3.0"
  },
  "performance_stats": {
    "fps": {
      "current": 46.18667136501784,
      "average": 39.77180104632092,
      "min": 25.115743208043163,
      "max": 47.16941070625281,
      "std": 5.907342947828238
    },
    "inference_time_ms": {
      "current": 21.27671241760254,
      "average": 25.018222332000732,
      "min": 20.277738571166992,
      "max": 38.80143165588379,
      "std": 4.274248418135666
    },
    "preprocessing_time_ms": {
      "average": 0.2078700065612793
    },
    "postprocessing_time_ms": {
      "average": 0.3999471664428711
    },
    "system": {
      "cpu_usage_percent": 32.9,
      "gpu_memory_gb": 0.01143646240234375,
      "gpu_utilization_percent": 0
    }
  },
  "raw_data": {
    "fps_history": [
      36.75860618383229,
      35.840787517303845,
      34.60332808078475,
      29.13641857815691,
      27.133197914375543,
      33.484516329903165,
      37.05673846588801,
      38.995379280209,
      37.99704670018571,
      30.451099543339215,
      33.318536759741036,
      42.65712019201432,
      43.11711915457919,
      40.55876920696624,
      31.81745357446292,
      36.55039475748122,
      31.113860761841178,
      30.19179107700724,
      45.26064530052876,
      44.67871789682244,
      44.32928543496412,
      44.593688866207366,
      42.5476419927165,
      42.28427409192181,
      38.65326095971837,
      41.99721640916783,
      31.615515655857568,
      44.829619178931395,
      38.46326813208983,
      45.41796879229878,
      33.25539944816212,
      27.296714739417922,
      25.115743208043163,
      38.236054514791014,
      45.16122919223895,
      46.260025587859005,
      45.13838637121856,
      46.10594585087556,
      46.97184581270858,
      45.14810389554472,
      35.35528900053105,
      46.649508958859315,
      47.14502169368073,
      46.14500407067573,
      44.81237646505764,
      44.422716007540934,
      38.72535061721556,
      29.988660331896213,
      26.98672637545763,
      28.919453369554724,
      34.6187508769613,
      35.441927279180014,
      37.55073099546093,
      36.09400628200164,
      39.820601917782206,
      36.48172566756545,
      34.10613280424141,
      36.08593232442291,
      34.67943280003307,
      31.969998856663747,
      39.63696157553535,
      36.83382072696297,
      37.943766962185634,
      37.72534628530311,
      37.400388778913204,
      35.85120350109409,
      36.92916699683915,
      29.98694511371192,
      31.352718683191558,
      36.89278646131112,
      41.56562413287351,
      45.5615372917074,
      45.18847637311728,
      46.18412852219298,
      46.29270230894883,
      45.18750269338505,
      44.24091302238255,
      40.39432170579964,
      46.7816679121541,
      41.41745252742695,
      45.726446154852496,
      46.5759497184991,
      47.16941070625281,
      46.25441392163566,
      45.6721729188218,
      46.18972314604762,
      46.920875703370584,
      43.56134392688373,
      42.52995335631718,
      42.92868255137968,
      44.60886582149239,
      46.43363703793909,
      45.641856011143034,
      40.871790374289866,
      44.191969318624814,
      46.211096910669426,
      38.194967808911514,
      43.357356984845666,
      44.44342721512281,
      46.18667136501784
    ],
    "inference_times": [
      26.28469467163086,
      26.38864517211914,
      28.356075286865234,
      33.4630012512207,
      35.471439361572266,
      28.40447425842285,
      26.27396583557129,
      24.970293045043945,
      25.260210037231445,
      31.2039852142334,
      29.203176498413086,
      23.038148880004883,
      22.392749786376953,
      23.461580276489258,
      30.98464012145996,
      26.87692642211914,
      31.286239624023438,
      31.88467025756836,
      21.66438102722168,
      21.988391876220703,
      21.735668182373047,
      21.197080612182617,
      23.035049438476562,
      23.22697639465332,
      24.92690086364746,
      22.5522518157959,
      31.168460845947266,
      21.892309188842773,
      25.20442008972168,
      20.784854888916016,
      29.656171798706055,
      36.153554916381836,
      38.80143165588379,
      24.92356300354004,
      21.752119064331055,
      21.242380142211914,
      21.36087417602539,
      20.496606826782227,
      20.905256271362305,
      21.759748458862305,
      27.459383010864258,
      20.277738571166992,
      20.825624465942383,
      21.287202835083008,
      21.541357040405273,
      21.300792694091797,
      25.373220443725586,
      32.89365768432617,
      36.22937202453613,
      33.31637382507324,
      28.456449508666992,
      27.590274810791016,
      25.826692581176758,
      26.59320831298828,
      24.658679962158203,
      26.938438415527344,
      28.407573699951172,
      26.421785354614258,
      28.402328491210938,
      30.859947204589844,
      24.35755729675293,
      25.93064308166504,
      25.942325592041016,
      26.09705924987793,
      25.92754364013672,
      26.678085327148438,
      26.640892028808594,
      32.64904022216797,
      31.081676483154297,
      25.885581970214844,
      23.540258407592773,
      21.55327796936035,
      21.346092224121094,
      20.46489715576172,
      21.199941635131836,
      21.72255516052246,
      21.822452545166016,
      23.446083068847656,
      20.998239517211914,
      23.76699447631836,
      21.120071411132812,
      20.33090591430664,
      20.813941955566406,
      21.25239372253418,
      21.131277084350586,
      20.488262176513672,
      20.934104919433594,
      22.445201873779297,
      22.714853286743164,
      22.034168243408203,
      21.99244499206543,
      21.154165267944336,
      21.136999130249023,
      23.17214012145996,
      22.121429443359375,
      21.26169204711914,
      25.368452072143555,
      21.729230880737305,
      21.999120712280273,
      21.27671241760254
    ],